{
  "accepted_parent": "none",
  "augmentation": {
    "duration_seconds_by_profile": {
      "child_like_proxy": {
        "mean": 2.185416,
        "total": 349.66662
      },
      "clean": {
        "mean": 2.731743,
        "total": 437.078876
      },
      "elder_like_proxy": {
        "mean": 3.278116,
        "total": 524.4985
      },
      "high_voice_proxy": {
        "mean": 2.458595,
        "total": 393.375184
      },
      "low_voice_proxy": {
        "mean": 3.004945,
        "total": 480.791187
      }
    },
    "exposure_schedule_sha256": "a7f6db0d2f6d5262afe1d6225c4b93cb698bd75d6dac8e7b11af6c80ae962ad2",
    "exposures_by_profile": {
      "child_like_proxy": 384,
      "clean": 384,
      "elder_like_proxy": 384,
      "high_voice_proxy": 384,
      "low_voice_proxy": 384
    },
    "manifest_sha256": "4c3140d3c6c3ad21019e8068cfa3a8ffe719ce11e5a1479543a21f27163994ce",
    "non_clean_files": 640,
    "peak_by_profile": {
      "child_like_proxy": {
        "max": 0.97998,
        "mean": 0.976711
      },
      "clean": {
        "max": 0.999969,
        "mean": 0.988064
      },
      "elder_like_proxy": {
        "max": 0.97998,
        "mean": 0.978609
      },
      "high_voice_proxy": {
        "max": 0.97998,
        "mean": 0.977464
      },
      "low_voice_proxy": {
        "max": 0.97998,
        "mean": 0.97844
      }
    },
    "policy_sha256": "196528dd0fd3c2be087be5d925ec5f9e6ca740c4dae3066d70908d86d2dc4de1",
    "scheduled_exposures": 1920,
    "source_rows": 160,
    "total_profile_records": 800,
    "validation_status": "PASSED"
  },
  "authorization": {
    "baseline_report_sha256": "117ec8bbb97580db3e9ccf13a118a8472aa06930f42417171046e487e8ba411a",
    "sha256": "b9163264c5bd48fa877d5cf799255db410b1a978582f3b70fd5dfef72f0e0bc8",
    "status": "DIAGNOSTIC_ONLY",
    "tracked_before_execution": {
      "clean": true,
      "head_sha256": "b9163264c5bd48fa877d5cf799255db410b1a978582f3b70fd5dfef72f0e0bc8",
      "matches_head": true,
      "path": "docs/data-certificates/sl-corpus-v2-speaker-range-diagnostic-v1.json",
      "tracked": true
    },
    "work_order_id": "0021"
  },
  "baseline": {
    "batching_classification": "A100_PROMPT_TRAINING_BATCH_NOT_EQUIVALENT",
    "clean_comparison_arm": "a100_batched",
    "clean_real_regression_burden": 16.361,
    "scientific_classification": "CORPUS_V2_PROMPT_COLUMN_SYNTHETIC_ONLY",
    "sha256": "117ec8bbb97580db3e9ccf13a118a8472aa06930f42417171046e487e8ba411a"
  },
  "decision": {
    "accepted_parent": "none",
    "augmented_real_regression_burden": 17.572,
    "burden_reduction_percent": -7.401748,
    "classification": "SPEAKER_RANGE_AUGMENTATION_NOT_SUPPORTED",
    "clean_real_regression_burden": 16.361,
    "synthetic_holdout_gain": {
      "cer_relative_gain": 39.300137,
      "passes": true,
      "wer_relative_gain": 13.444501
    }
  },
  "evaluation": {
    "evaluation_policy": {
      "att_context_size": [
        56,
        3
      ],
      "batch_size": 1,
      "duration_bucketing": false,
      "normalizer": "sl-asr-normalization-v1",
      "target_lang": "sl-SI"
    },
    "models": {
      "speaker_range_augmented_batch8": {
        "checkpoint_sha256": "3f3065e8bd6238f7f6e4401d9be278929a68eb4055820eb803f0a16d7fc94174",
        "splits": {
          "artur_j": {
            "audio_duration_seconds": 1049.59,
            "gpu_monitor": {
              "fraction_at_or_above_80_percent": 0.0,
              "mean_power_watts": 105.880156,
              "mean_utilization_percent": 27.093385,
              "median_utilization_percent": 38.0,
              "p95_power_watts": 120.94,
              "p95_utilization_percent": 40.0,
              "peak_memory_mib": 5517.0,
              "sample_count": 257
            },
            "metrics": {
              "normalized": {
                "corpus_cer": 24.749,
                "corpus_wer": 71.56,
                "empty_hypothesis_count": 0,
                "mean_utterance_cer": 27.912,
                "mean_utterance_wer": 78.941,
                "median_utterance_cer": 22.295,
                "median_utterance_wer": 75.0,
                "total_character_edits": 3497,
                "total_reference_characters": 14130,
                "total_reference_words": 2289,
                "total_word_edits": 1638
              },
              "normalizer": "sl-asr-normalization-v1",
              "raw": {
                "corpus_cer": 28.069,
                "corpus_wer": 78.384,
                "empty_hypothesis_count": 0,
                "mean_utterance_cer": 31.755,
                "mean_utterance_wer": 87.211,
                "median_utterance_cer": 26.087,
                "median_utterance_wer": 81.534,
                "total_character_edits": 4077,
                "total_reference_characters": 14525,
                "total_reference_words": 2290,
                "total_word_edits": 1795
              }
            },
            "prediction_count": 256,
            "real_time_factor": 0.150906,
            "rows": 256,
            "wall_time_seconds": 158.389833
          },
          "fleurs_v2": {
            "audio_duration_seconds": 8173.14,
            "gpu_monitor": {
              "fraction_at_or_above_80_percent": 0.0,
              "mean_power_watts": 118.371845,
              "mean_utilization_percent": 36.321663,
              "median_utilization_percent": 39.0,
              "p95_power_watts": 124.26,
              "p95_utilization_percent": 40.0,
              "peak_memory_mib": 5517.0,
              "sample_count": 1371
            },
            "metrics": {
              "normalized": {
                "corpus_cer": 20.661,
                "corpus_wer": 61.93,
                "empty_hypothesis_count": 0,
                "mean_utterance_cer": 20.966,
                "mean_utterance_wer": 62.444,
                "median_utterance_cer": 18.8,
                "median_utterance_wer": 62.5,
                "total_character_edits": 21421,
                "total_reference_characters": 103679,
                "total_reference_words": 16517,
                "total_word_edits": 10229
              },
              "normalizer": "sl-asr-normalization-v1",
              "raw": {
                "corpus_cer": 23.674,
                "corpus_wer": 70.002,
                "empty_hypothesis_count": 0,
                "mean_utterance_cer": 24.097,
                "mean_utterance_wer": 70.765,
                "median_utterance_cer": 21.918,
                "median_utterance_wer": 70.588,
                "total_character_edits": 24566,
                "total_reference_characters": 103768,
                "total_reference_words": 16468,
                "total_word_edits": 11528
              }
            },
            "prediction_count": 834,
            "real_time_factor": 0.10289,
            "rows": 834,
            "wall_time_seconds": 840.935805
          },
          "selected_training": {
            "audio_duration_seconds": 437.078876,
            "gpu_monitor": {
              "fraction_at_or_above_80_percent": 0.0,
              "mean_power_watts": 100.907379,
              "mean_utilization_percent": 21.524138,
              "median_utilization_percent": 33.0,
              "p95_power_watts": 124.54,
              "p95_utilization_percent": 40.0,
              "peak_memory_mib": 5517.0,
              "sample_count": 145
            },
            "metrics": {
              "normalized": {
                "corpus_cer": 28.104,
                "corpus_wer": 72.76,
                "empty_hypothesis_count": 1,
                "mean_utterance_cer": 31.778,
                "mean_utterance_wer": 76.397,
                "median_utterance_cer": 25.82,
                "median_utterance_wer": 75.0,
                "total_character_edits": 1770,
                "total_reference_characters": 6298,
                "total_reference_words": 1105,
                "total_word_edits": 804
              },